id,name,lastname,price,flycode,typePassenger,statusFlight
806,Almira,Aguilera,42000.00,FR5678G,EconomyClass,En Horario
434,Brietta,Aguilera,42000.00,GU2345F,FirstClass,En Vuelo
310,Brnaba,Aguilera,37000.00,TU6789B,EconomyClass,Aterrizado
558,Caren,Aguilera,15000.00,GU2345F,EconomyClass,En Vuelo
930,Emory,Aguilera,37000.00,BR3456J,EconomyClass,Demorado
186,Ian,Aguilera,42000.00,MM0987B,ExecutiveClass,En Horario
62,Marysa,Aguilera,20000.00,MM0987B,FirstClass,En Horario
682,Tally,Aguilera,42000.00,HY4567D,EconomyClass,Demorado
301,Cos,Alarcon,30000.00,TU6789B,EconomyClass,Aterrizado
797,Diahann,Alarcon,33000.00,FR5678G,ExecutiveClass,En Horario
53,Hyacinthie,Alarcon,15000.00,MM0987B,FirstClass,En Horario
425,Jordan,Alarcon,33000.00,GU2345F,FirstClass,En Vuelo
549,Josiah,Alarcon,12000.00,GU2345F,EconomyClass,En Vuelo
673,Lambert,Alarcon,42000.00,HY4567D,EconomyClass,Demorado
921,Odie,Alarcon,20000.00,BR3456J,ExecutiveClass,Demorado
177,Robbi,Alarcon,10000.00,MM0987B,ExecutiveClass,En Horario
242,Broddie,Alonso,42000.00,TU6789B,ExecutiveClass,Aterrizado
997,De witt,Alonso,12000.00,MM0987B,EconomyClass,En Horario
986,Ferd,Alonso,25000.00,BA2491A,EconomyClass,Aterrizado
614,Fredia,Alonso,20000.00,HY4567D,ExecutiveClass,Demorado
862,Holden,Alonso,50000.00,FR5678G,EconomyClass,En Horario
366,Klarrisa,Alonso,18000.00,TU6789B,EconomyClass,Aterrizado
738,Silvie,Alonso,12000.00,FR5678G,FirstClass,En Horario
118,Stu,Alonso,12000.00,MM0987B,ExecutiveClass,En Horario
490,Tamarah,Alonso,50000.00,GU2345F,EconomyClass,En Vuelo
834,Chad,Alvarado,15000.00,FR5678G,EconomyClass,En Horario
338,Filbert,Alvarado,20000.00,TU6789B,EconomyClass,Aterrizado
90,Margaretha,Alvarado,10000.00,MM0987B,ExecutiveClass,En Horario
462,Marsiella,Alvarado,20000.00,GU2345F,ExecutiveClass,En Vuelo
214,Nicolina,Alvarado,30000.00,TU6789B,FirstClass,Aterrizado
710,Nikolaus,Alvarado,30000.00,HY4567D,EconomyClass,Demorado
958,Trista,Alvarado,50000.00,BR3456J,EconomyClass,Demorado
586,Umeko,Alvarado,30000.00,HY4567D,FirstClass,Demorado
859,Abramo,Alvarez,37000.00,FR5678G,EconomyClass,En Horario
27,Anthea,Alvarez,42000.00,MM0987B,FirstClass,En Horario
275,Charmian,Alvarez,15000.00,TU6789B,ExecutiveClass,Aterrizado
239,Chet,Alvarez,42000.00,TU6789B,FirstClass,Aterrizado
523,Eddy,Alvarez,12000.00,GU2345F,EconomyClass,En Vuelo
399,Esdras,Alvarez,37000.00,MM0987B,ExecutiveClass,En Horario
647,Felike,Alvarez,12000.00,HY4567D,EconomyClass,Demorado
895,Frasquito,Alvarez,15000.00,FR5678G,EconomyClass,En Horario
115,Harmon,Alvarez,50000.00,IB0800A,ExecutiveClass,Aterrizado
983,Josi,Alvarez,12000.00,BA2491A,EconomyClass,Aterrizado
735,Kaia,Alvarez,25000.00,IB0800A,EconomyClass,Aterrizado
151,Meryl,Alvarez,12000.00,IB0800A,EconomyClass,Aterrizado
363,Neilla,Alvarez,50000.00,TU6789B,EconomyClass,Aterrizado
611,Pearla,Alvarez,20000.00,HY4567D,ExecutiveClass,Demorado
771,Portia,Alvarez,33000.00,FR5678G,ExecutiveClass,En Horario
994,Raquela,Alvarez,12000.00,MM0987B,EconomyClass,En Horario
487,Rorie,Alvarez,25000.00,GU2345F,EconomyClass,En Vuelo
437,Any,Aravena,18000.00,GU2345F,FirstClass,En Vuelo
313,Franchot,Aravena,12000.00,TU6789B,EconomyClass,Aterrizado
933,Gui,Aravena,20000.00,IB0800A,EconomyClass,Aterrizado
189,Maible,Aravena,18000.00,MM0987B,ExecutiveClass,En Horario
809,Obadias,Aravena,10000.00,FR5678G,EconomyClass,En Horario
561,Sasha,Aravena,15000.00,GU2345F,EconomyClass,En Vuelo
65,Star,Aravena,33000.00,MM0987B,FirstClass,En Horario
685,Yul,Aravena,30000.00,HY4567D,EconomyClass,Demorado
389,Anna-maria,Araya,42000.00,TU6789B,EconomyClass,Aterrizado
265,Blair,Araya,50000.00,TU6789B,ExecutiveClass,Aterrizado
141,Coreen,Araya,18000.00,IB0800A,EconomyClass,Aterrizado
17,Ernesta,Araya,37000.00,BA2491A,FirstClass,Aterrizado
761,Galvan,Araya,33000.00,FR5678G,FirstClass,En Horario
885,Jan,Araya,18000.00,FR5678G,EconomyClass,En Horario
513,Lorna,Araya,42000.00,MM0987B,EconomyClass,En Horario
637,Rosalia,Araya,18000.00,HY4567D,EconomyClass,Demorado
788,Adelaida,Bravo,37000.00,FR5678G,ExecutiveClass,En Horario
292,Christiano,Bravo,50000.00,BA2491A,EconomyClass,Aterrizado
416,Dennie,Bravo,42000.00,TU6789B,EconomyClass,Aterrizado
168,Lodovico,Bravo,18000.00,IB0800A,EconomyClass,Aterrizado
44,Margarete,Bravo,50000.00,BA2491A,ExecutiveClass,Aterrizado
664,Natassia,Bravo,42000.00,HY4567D,EconomyClass,Demorado
912,Oren,Bravo,20000.00,MM0987B,EconomyClass,En Horario
540,Saunders,Bravo,25000.00,BA2491A,EconomyClass,Aterrizado
465,Carley,Bustamante,12000.00,GU2345F,ExecutiveClass,En Vuelo
837,Corrina,Bustamante,50000.00,FR5678G,EconomyClass,En Horario
217,Dwight,Bustamante,42000.00,TU6789B,FirstClass,Aterrizado
961,Ginnie,Bustamante,15000.00,BR3456J,EconomyClass,Demorado
589,Hesther,Bustamante,33000.00,HY4567D,FirstClass,Demorado
93,Nicky,Bustamante,42000.00,MM0987B,ExecutiveClass,En Horario
341,Rafaello,Bustamante,37000.00,TU6789B,EconomyClass,Aterrizado
713,Roslyn,Bustamante,25000.00,HY4567D,EconomyClass,Demorado
577,Adrianne,Bustos,10000.00,HY4567D,FirstClass,Demorado
825,Andrei,Bustos,10000.00,FR5678G,EconomyClass,En Horario
949,Clerissa,Bustos,15000.00,BR3456J,EconomyClass,Demorado
81,Kylila,Bustos,12000.00,IB0800A,ExecutiveClass,Aterrizado
205,Mallorie,Bustos,30000.00,TU6789B,FirstClass,Aterrizado
453,Portie,Bustos,15000.00,GU2345F,ExecutiveClass,En Vuelo
701,Tedra,Bustos,33000.00,HY4567D,EconomyClass,Demorado
329,Urbano,Bustos,50000.00,TU6789B,EconomyClass,Aterrizado
316,Angelika,Caceres,50000.00,BA2491A,EconomyClass,Aterrizado
564,Briney,Caceres,12000.00,GU2345F,EconomyClass,En Vuelo
936,Carolina,Caceres,33000.00,IB0800A,EconomyClass,Aterrizado
68,Cristobal,Caceres,15000.00,IB0800A,FirstClass,Aterrizado
192,Farand,Caceres,42000.00,MM0987B,ExecutiveClass,En Horario
440,Garold,Caceres,20000.00,GU2345F,FirstClass,En Vuelo
812,Maxy,Caceres,15000.00,FR5678G,EconomyClass,En Horario
688,Xenos,Caceres,37000.00,HY4567D,EconomyClass,Demorado
172,Addy,Campos,33000.00,IB0800A,EconomyClass,Aterrizado
792,Jermayne,Campos,33000.00,FR5678G,ExecutiveClass,En Horario
668,Katina,Campos,20000.00,HY4567D,EconomyClass,Demorado
296,Leigh,Campos,37000.00,TU6789B,ExecutiveClass,Aterrizado
420,Lothaire,Campos,12000.00,TU6789B,EconomyClass,Aterrizado
48,Noella,Campos,15000.00,IB0800A,FirstClass,Aterrizado
544,Prisca,Campos,18000.00,GU2345F,EconomyClass,En Vuelo
916,Saunder,Campos,37000.00,MM0987B,EconomyClass,En Horario
919,Calypso,Cardenas,12000.00,BR3456J,ExecutiveClass,Demorado
671,Jacqueline,Cardenas,50000.00,HY4567D,EconomyClass,Demorado
299,Jody,Cardenas,33000.00,TU6789B,EconomyClass,Aterrizado
423,Keelby,Cardenas,15000.00,GU2345F,FirstClass,En Vuelo
175,Lorant,Cardenas,50000.00,MM0987B,ExecutiveClass,En Horario
795,Lorianna,Cardenas,15000.00,FR5678G,ExecutiveClass,En Horario
51,Marion,Cardenas,50000.00,IB0800A,FirstClass,Aterrizado
547,Marj,Cardenas,18000.00,GU2345F,EconomyClass,En Vuelo
652,Cesaro,Carrasco,30000.00,HY4567D,EconomyClass,Demorado
528,Helen-elizabeth,Carrasco,20000.00,GU2345F,EconomyClass,En Vuelo
32,Katey,Carrasco,42000.00,MM0987B,FirstClass,En Horario
280,Koenraad,Carrasco,20000.00,TU6789B,ExecutiveClass,Aterrizado
776,Letta,Carrasco,10000.00,FR5678G,ExecutiveClass,En Horario
900,Riccardo,Carrasco,42000.00,BR3456J,FirstClass,Demorado
156,Tanny,Carrasco,42000.00,IB0800A,EconomyClass,Aterrizado
404,Willa,Carrasco,30000.00,TU6789B,EconomyClass,Aterrizado
583,Annabell,Carvajal,15000.00,HY4567D,FirstClass,Demorado
831,Christina,Carvajal,37000.00,FR5678G,EconomyClass,En Horario
955,Delila,Carvajal,20000.00,MM0987B,EconomyClass,En Horario
87,Joelle,Carvajal,37000.00,MM0987B,FirstClass,En Horario
459,Karen,Carvajal,20000.00,GU2345F,ExecutiveClass,En Vuelo
211,Marcile,Carvajal,30000.00,TU6789B,FirstClass,Aterrizado
707,Petronille,Carvajal,42000.00,HY4567D,EconomyClass,Demorado
335,Rand,Carvajal,20000.00,TU6789B,EconomyClass,Aterrizado
393,Barret,Castillo,10000.00,MM0987B,ExecutiveClass,En Horario
21,Bobbye,Castillo,15000.00,BA2491A,FirstClass,Aterrizado
517,Danya,Castillo,25000.00,GU2345F,EconomyClass,En Vuelo
145,Dianna,Castillo,20000.00,IB0800A,EconomyClass,Aterrizado
889,Flo,Castillo,42000.00,FR5678G,EconomyClass,En Horario
765,Jenny,Castillo,33000.00,FR5678G,ExecutiveClass,En Horario
641,Maia,Castillo,10000.00,HY4567D,EconomyClass,Demorado
269,Shirl,Castillo,20000.00,TU6789B,ExecutiveClass,Aterrizado
893,Annamarie,Castro,20000.00,FR5678G,EconomyClass,En Horario
273,Bond,Castro,10000.00,TU6789B,ExecutiveClass,Aterrizado
25,Braden,Castro,25000.00,MM0987B,FirstClass,En Horario
397,Charil,Castro,33000.00,MM0987B,ExecutiveClass,En Horario
769,Egan,Castro,10000.00,FR5678G,ExecutiveClass,En Horario
149,Lena,Castro,25000.00,IB0800A,EconomyClass,Aterrizado
645,Sarajane,Castro,10000.00,HY4567D,EconomyClass,Demorado
521,Sheridan,Castro,50000.00,GU2345F,EconomyClass,En Vuelo
379,Crawford,Contreras,12000.00,BA2491A,EconomyClass,Aterrizado
751,Jude,Contreras,12000.00,FR5678G,FirstClass,En Horario
7,Kimberlee,Contreras,33000.00,BA2491A,FirstClass,Aterrizado
627,Nicola,Contreras,12000.00,HY4567D,ExecutiveClass,Demorado
503,Patton,Contreras,15000.00,GU2345F,EconomyClass,En Vuelo
875,Saw,Contreras,15000.00,FR5678G,EconomyClass,En Horario
131,Tom,Contreras,33000.00,BA2491A,ExecutiveClass,Aterrizado
255,Yuri,Contreras,25000.00,BA2491A,EconomyClass,Aterrizado
158,Clarie,Cortes,42000.00,IB0800A,EconomyClass,Aterrizado
902,Coral,Cortes,18000.00,BR3456J,FirstClass,Demorado
654,Damara,Cortes,12000.00,HY4567D,EconomyClass,Demorado
282,Edie,Cortes,25000.00,TU6789B,ExecutiveClass,Aterrizado
406,Fredric,Cortes,50000.00,TU6789B,EconomyClass,Aterrizado
778,Ingmar,Cortes,18000.00,FR5678G,ExecutiveClass,En Horario
530,Mort,Cortes,42000.00,GU2345F,EconomyClass,En Vuelo
34,Redd,Cortes,42000.00,BA2491A,FirstClass,Aterrizado
609,Bernita,Diaz,15000.00,HY4567D,ExecutiveClass,Demorado
237,Cathleen,Diaz,10000.00,TU6789B,FirstClass,Aterrizado
857,Devlen,Diaz,37000.00,FR5678G,EconomyClass,En Horario
733,Evvy,Diaz,42000.00,IB0800A,EconomyClass,Aterrizado
981,Genevieve,Diaz,20000.00,BA2491A,EconomyClass,Aterrizado
624,Giraud,Diaz,15000.00,HY4567D,ExecutiveClass,Demorado
113,Johnathon,Diaz,15000.00,IB0800A,ExecutiveClass,Aterrizado
252,Karlotte,Diaz,20000.00,BA2491A,EconomyClass,Aterrizado
4,Kimbell,Diaz,50000.00,BA2491A,FirstClass,Aterrizado
872,Madonna,Diaz,10000.00,FR5678G,EconomyClass,En Horario
485,Melisse,Diaz,10000.00,GU2345F,EconomyClass,En Vuelo
748,Mitchael,Diaz,33000.00,FR5678G,FirstClass,En Horario
361,Sinclair,Diaz,50000.00,TU6789B,EconomyClass,Aterrizado
376,Vikky,Diaz,15000.00,BA2491A,EconomyClass,Aterrizado
500,Warren,Diaz,25000.00,GU2345F,EconomyClass,En Vuelo
128,Zacharie,Diaz,30000.00,BA2491A,ExecutiveClass,Aterrizado
246,Adam,Dominguez,20000.00,TU6789B,ExecutiveClass,Aterrizado
990,Chiarra,Dominguez,18000.00,MM0987B,EconomyClass,En Horario
370,Ingrim,Dominguez,30000.00,TU6789B,EconomyClass,Aterrizado
122,Linda,Dominguez,30000.00,IB0800A,ExecutiveClass,Aterrizado
494,Mirilla,Dominguez,30000.00,GU2345F,EconomyClass,En Vuelo
618,Orson,Dominguez,25000.00,HY4567D,ExecutiveClass,Demorado
866,Rubi,Dominguez,18000.00,FR5678G,EconomyClass,En Horario
742,Silvano,Dominguez,12000.00,FR5678G,FirstClass,En Horario
835,Adelle,Donoso,10000.00,FR5678G,EconomyClass,En Horario
711,Cinda,Donoso,42000.00,HY4567D,EconomyClass,Demorado
587,Hayes,Donoso,10000.00,HY4567D,FirstClass,Demorado
215,Nita,Donoso,12000.00,TU6789B,FirstClass,Aterrizado
339,Nona,Donoso,30000.00,TU6789B,EconomyClass,Aterrizado
959,Shaughn,Donoso,15000.00,BR3456J,EconomyClass,Demorado
463,Shea,Donoso,12000.00,GU2345F,ExecutiveClass,En Vuelo
91,Sully,Donoso,15000.00,MM0987B,ExecutiveClass,En Horario
443,Davon,Escobar,20000.00,GU2345F,ExecutiveClass,En Vuelo
567,Dur,Escobar,25000.00,GU2345F,EconomyClass,En Vuelo
319,Fan,Escobar,18000.00,BA2491A,EconomyClass,Aterrizado
691,Krishna,Escobar,50000.00,HY4567D,EconomyClass,Demorado
815,Lefty,Escobar,50000.00,FR5678G,EconomyClass,En Horario
195,Roderigo,Escobar,20000.00,BA2491A,ExecutiveClass,Aterrizado
71,Shaughn,Escobar,15000.00,IB0800A,FirstClass,Aterrizado
939,Verina,Escobar,37000.00,IB0800A,EconomyClass,Aterrizado
267,Abbie,Espinoza,25000.00,TU6789B,ExecutiveClass,Aterrizado
763,Davidson,Espinoza,37000.00,FR5678G,FirstClass,En Horario
887,Guillermo,Espinoza,42000.00,FR5678G,EconomyClass,En Horario
143,Jenna,Espinoza,25000.00,IB0800A,EconomyClass,Aterrizado
639,Marylee,Espinoza,50000.00,HY4567D,EconomyClass,Demorado
19,Park,Espinoza,30000.00,MM0987B,FirstClass,En Horario
391,Sherwin,Espinoza,50000.00,MM0987B,ExecutiveClass,En Horario
515,Torrey,Espinoza,42000.00,GU2345F,EconomyClass,En Vuelo
967,Esme,Faria,37000.00,BR3456J,EconomyClass,Demorado
595,Gray,Faria,42000.00,HY4567D,FirstClass,Demorado
719,Kamila,Faria,42000.00,IB0800A,EconomyClass,Aterrizado
99,Aleda,Farias,50000.00,IB0800A,ExecutiveClass,Aterrizado
223,Enrico,Farias,50000.00,TU6789B,FirstClass,Aterrizado
843,Grant,Farias,33000.00,FR5678G,EconomyClass,En Horario
471,Ramsay,Farias,20000.00,GU2345F,ExecutiveClass,En Vuelo
347,Tarra,Farias,12000.00,TU6789B,EconomyClass,Aterrizado
774,Barde,Fernandez,18000.00,FR5678G,ExecutiveClass,En Horario
154,Bertine,Fernandez,25000.00,IB0800A,EconomyClass,Aterrizado
846,Brendin,Fernandez,10000.00,FR5678G,EconomyClass,En Horario
598,Eachelle,Fernandez,37000.00,HY4567D,FirstClass,Demorado
278,Emory,Fernandez,15000.00,TU6789B,ExecutiveClass,Aterrizado
102,Ertha,Fernandez,10000.00,IB0800A,ExecutiveClass,Aterrizado
526,Homer,Fernandez,10000.00,GU2345F,EconomyClass,En Vuelo
650,Hugo,Fernandez,30000.00,HY4567D,EconomyClass,Demorado
722,Joannes,Fernandez,10000.00,IB0800A,EconomyClass,Aterrizado
898,Ki,Fernandez,30000.00,BR3456J,FirstClass,Demorado
350,Maiga,Fernandez,20000.00,TU6789B,EconomyClass,Aterrizado
970,Noach,Fernandez,12000.00,IB0800A,EconomyClass,Aterrizado
402,Rachel,Fernandez,12000.00,MM0987B,EconomyClass,En Horario
474,Salomi,Fernandez,10000.00,GU2345F,ExecutiveClass,En Vuelo
30,Toby,Fernandez,15000.00,IB0800A,FirstClass,Aterrizado
226,Trula,Fernandez,30000.00,TU6789B,FirstClass,Aterrizado
412,Babita,Figueroa,30000.00,TU6789B,EconomyClass,Aterrizado
908,Brittany,Figueroa,18000.00,MM0987B,EconomyClass,En Horario
164,Cathrin,Figueroa,30000.00,IB0800A,EconomyClass,Aterrizado
660,Cindi,Figueroa,12000.00,HY4567D,EconomyClass,Demorado
536,Delmar,Figueroa,42000.00,BA2491A,EconomyClass,Aterrizado
288,Dudley,Figueroa,42000.00,BA2491A,EconomyClass,Aterrizado
784,Marianne,Figueroa,33000.00,FR5678G,ExecutiveClass,En Horario
40,Sydney,Figueroa,10000.00,MM0987B,FirstClass,En Horario
390,Ag,Flores,50000.00,TU6789B,EconomyClass,Aterrizado
266,Arel,Flores,30000.00,TU6789B,ExecutiveClass,Aterrizado
886,Bailey,Flores,30000.00,FR5678G,EconomyClass,En Horario
18,Cirillo,Flores,50000.00,MM0987B,FirstClass,En Horario
762,Lucienne,Flores,25000.00,FR5678G,FirstClass,En Horario
638,Merissa,Flores,25000.00,HY4567D,EconomyClass,Demorado
142,Tanya,Flores,30000.00,IB0800A,EconomyClass,Aterrizado
514,Vincents,Flores,25000.00,MM0987B,EconomyClass,En Horario
758,Boycie,Fuentes,18000.00,FR5678G,FirstClass,En Horario
14,Bronnie,Fuentes,20000.00,MM0987B,FirstClass,En Horario
138,Brynn,Fuentes,50000.00,BA2491A,ExecutiveClass,Aterrizado
386,Demeter,Fuentes,10000.00,TU6789B,EconomyClass,Aterrizado
510,Irena,Fuentes,20000.00,MM0987B,EconomyClass,En Horario
262,Melisa,Fuentes,12000.00,TU6789B,ExecutiveClass,Aterrizado
882,Rina,Fuentes,25000.00,FR5678G,EconomyClass,En Horario
634,Viva,Fuentes,25000.00,HY4567D,EconomyClass,Demorado
54,Julina,Gallardo,33000.00,MM0987B,FirstClass,En Horario
674,Lamont,Gallardo,33000.00,HY4567D,EconomyClass,Demorado
550,Mathe,Gallardo,12000.00,GU2345F,EconomyClass,En Vuelo
178,Mellicent,Gallardo,50000.00,MM0987B,ExecutiveClass,En Horario
426,Minnnie,Gallardo,20000.00,GU2345F,FirstClass,En Vuelo
302,Ron,Gallardo,20000.00,TU6789B,EconomyClass,Aterrizado
922,Wenda,Gallardo,12000.00,BR3456J,ExecutiveClass,Demorado
798,Yelena,Gallardo,50000.00,FR5678G,ExecutiveClass,En Horario
42,Ame,Garcia,50000.00,BA2491A,ExecutiveClass,Aterrizado
910,Atlante,Garcia,33000.00,MM0987B,EconomyClass,En Horario
662,Byrom,Garcia,42000.00,HY4567D,EconomyClass,Demorado
538,Caren,Garcia,12000.00,BA2491A,EconomyClass,Aterrizado
166,Darleen,Garcia,42000.00,IB0800A,EconomyClass,Aterrizado
786,Edan,Garcia,50000.00,FR5678G,ExecutiveClass,En Horario
290,Gordon,Garcia,25000.00,BA2491A,EconomyClass,Aterrizado
414,Morie,Garcia,12000.00,TU6789B,EconomyClass,Aterrizado
56,Bernardine,Garrido,33000.00,MM0987B,FirstClass,En Horario
304,Coleman,Garrido,33000.00,TU6789B,EconomyClass,Aterrizado
800,Daffi,Garrido,12000.00,FR5678G,ExecutiveClass,En Horario
552,Delmore,Garrido,33000.00,GU2345F,EconomyClass,En Vuelo
428,Kelly,Garrido,37000.00,GU2345F,FirstClass,En Vuelo
676,Nani,Garrido,50000.00,HY4567D,EconomyClass,Demorado
180,Nial,Garrido,15000.00,MM0987B,ExecutiveClass,En Horario
924,Orlan,Garrido,25000.00,BR3456J,ExecutiveClass,Demorado
450,Alexandr,Godoy,18000.00,GU2345F,ExecutiveClass,En Vuelo
822,Jefferey,Godoy,10000.00,FR5678G,EconomyClass,En Horario
946,Kimberley,Godoy,18000.00,BR3456J,EconomyClass,Demorado
326,Lina,Godoy,12000.00,TU6789B,EconomyClass,Aterrizado
78,Morse,Godoy,25000.00,IB0800A,ExecutiveClass,Aterrizado
698,Paddie,Godoy,33000.00,HY4567D,EconomyClass,Demorado
574,Phillipe,Godoy,37000.00,GU2345F,EconomyClass,En Vuelo
202,Yorke,Godoy,15000.00,BA2491A,EconomyClass,Aterrizado
232,Alla,Gomez,30000.00,BA2491A,EconomyClass,Aterrizado
405,Amerigo,Gomez,33000.00,TU6789B,EconomyClass,Aterrizado
976,Arlina,Gomez,33000.00,IB0800A,EconomyClass,Aterrizado
604,Arvin,Gomez,50000.00,HY4567D,ExecutiveClass,Demorado
108,Carlie,Gomez,10000.00,MM0987B,ExecutiveClass,En Horario
529,Daveta,Gomez,20000.00,GU2345F,EconomyClass,En Vuelo
33,Earle,Gomez,10000.00,BA2491A,FirstClass,Aterrizado
852,Giacopo,Gomez,18000.00,FR5678G,EconomyClass,En Horario
653,Harmonia,Gomez,12000.00,HY4567D,EconomyClass,Demorado
356,Isabelle,Gomez,20000.00,TU6789B,EconomyClass,Aterrizado
728,Klara,Gomez,50000.00,IB0800A,EconomyClass,Aterrizado
480,Marissa,Gomez,37000.00,GU2345F,EconomyClass,En Vuelo
157,Maryjo,Gomez,12000.00,IB0800A,EconomyClass,Aterrizado
281,Rafaellle,Gomez,50000.00,TU6789B,ExecutiveClass,Aterrizado
777,Ree,Gomez,42000.00,FR5678G,ExecutiveClass,En Horario
901,Shaughn,Gomez,50000.00,BR3456J,FirstClass,Demorado
225,Adriano,Gonzalez,33000.00,TU6789B,FirstClass,Aterrizado
349,Cassie,Gonzalez,50000.00,TU6789B,EconomyClass,Aterrizado
969,Charlie,Gonzalez,50000.00,IB0800A,EconomyClass,Aterrizado
473,Erek,Gonzalez,10000.00,GU2345F,ExecutiveClass,En Vuelo
125,Esteban,Gonzalez,15000.00,IB0800A,EconomyClass,Aterrizado
497,Fredia,Gonzalez,30000.00,GU2345F,EconomyClass,En Vuelo
745,Gordon,Gonzalez,12000.00,FR5678G,FirstClass,En Horario
597,Isabelle,Gonzalez,20000.00,HY4567D,FirstClass,Demorado
249,Jessee,Gonzalez,30000.00,TU6789B,ExecutiveClass,Aterrizado
1,Lou,Gonzalez,10000.00,BA2491A,FirstClass,Aterrizado
869,Malory,Gonzalez,42000.00,FR5678G,EconomyClass,En Horario
101,Marcille,Gonzalez,10000.00,IB0800A,ExecutiveClass,Aterrizado
621,Odessa,Gonzalez,50000.00,HY4567D,ExecutiveClass,Demorado
721,Riobard,Gonzalez,42000.00,IB0800A,EconomyClass,Aterrizado
373,Veronica,Gonzalez,42000.00,TU6789B,EconomyClass,Aterrizado
845,Yardley,Gonzalez,50000.00,FR5678G,EconomyClass,En Horario
345,Aldric,Guerrero,50000.00,TU6789B,EconomyClass,Aterrizado
221,Aylmer,Guerrero,33000.00,TU6789B,FirstClass,Aterrizado
469,Chrisy,Guerrero,15000.00,GU2345F,ExecutiveClass,En Vuelo
717,Hyacinthia,Guerrero,25000.00,IB0800A,EconomyClass,Aterrizado
965,Kirstin,Guerrero,12000.00,BR3456J,EconomyClass,Demorado
97,Marcellus,Guerrero,50000.00,IB0800A,ExecutiveClass,Aterrizado
841,Shelley,Guerrero,15000.00,FR5678G,EconomyClass,En Horario
593,Vic,Guerrero,25000.00,HY4567D,FirstClass,Demorado
148,Benton,Gutierrez,12000.00,IB0800A,EconomyClass,Aterrizado
768,Blakeley,Gutierrez,18000.00,FR5678G,ExecutiveClass,En Horario
243,Brigham,Gutierrez,25000.00,TU6789B,ExecutiveClass,Aterrizado
863,Cherish,Gutierrez,42000.00,FR5678G,EconomyClass,En Horario
520,Coop,Gutierrez,37000.00,GU2345F,EconomyClass,En Vuelo
892,Devland,Gutierrez,10000.00,FR5678G,EconomyClass,En Horario
272,Duncan,Gutierrez,37000.00,TU6789B,ExecutiveClass,Aterrizado
119,Glenda,Gutierrez,37000.00,MM0987B,ExecutiveClass,En Horario
615,Idalina,Gutierrez,50000.00,HY4567D,ExecutiveClass,Demorado
396,Iorgos,Gutierrez,18000.00,MM0987B,ExecutiveClass,En Horario
998,Jaye,Gutierrez,25000.00,MM0987B,EconomyClass,En Horario
644,Malachi,Gutierrez,25000.00,HY4567D,EconomyClass,Demorado
367,Maryellen,Gutierrez,37000.00,TU6789B,EconomyClass,Aterrizado
987,Mohammed,Gutierrez,42000.00,BA2491A,EconomyClass,Aterrizado
24,Reagen,Gutierrez,42000.00,MM0987B,FirstClass,En Horario
491,Skipton,Gutierrez,10000.00,GU2345F,EconomyClass,En Vuelo
739,Winnifred,Gutierrez,10000.00,FR5678G,FirstClass,En Horario
926,Abbie,Guzman,18000.00,BR3456J,EconomyClass,Demorado
58,Lianna,Guzman,12000.00,MM0987B,FirstClass,En Horario
182,Loutitia,Guzman,25000.00,MM0987B,ExecutiveClass,En Horario
554,Lucais,Guzman,42000.00,GU2345F,EconomyClass,En Vuelo
678,Nilson,Guzman,10000.00,HY4567D,EconomyClass,Demorado
430,Pincus,Guzman,42000.00,GU2345F,FirstClass,En Vuelo
802,Sheilah,Guzman,42000.00,FR5678G,ExecutiveClass,En Horario
306,Silvan,Guzman,12000.00,TU6789B,EconomyClass,Aterrizado
59,Celene,Henriquez,50000.00,MM0987B,FirstClass,En Horario
555,Clarice,Henriquez,33000.00,GU2345F,EconomyClass,En Vuelo
803,Lazaro,Henriquez,10000.00,FR5678G,ExecutiveClass,En Horario
927,Robinia,Henriquez,10000.00,BR3456J,EconomyClass,Demorado
183,Ruthe,Henriquez,30000.00,MM0987B,ExecutiveClass,En Horario
236,Anastasia,Hernandez,18000.00,BA2491A,EconomyClass,Aterrizado
980,Brana,Hernandez,10000.00,BA2491A,EconomyClass,Aterrizado
883,Callida,Hernandez,33000.00,FR5678G,EconomyClass,En Horario
732,Enrica,Hernandez,18000.00,IB0800A,EconomyClass,Aterrizado
856,Henrieta,Hernandez,30000.00,FR5678G,EconomyClass,En Horario
360,Honor,Hernandez,30000.00,TU6789B,EconomyClass,Aterrizado
608,Joshia,Hernandez,25000.00,HY4567D,ExecutiveClass,Demorado
387,Juliann,Hernandez,50000.00,TU6789B,EconomyClass,Aterrizado
484,Kym,Hernandez,20000.00,GU2345F,EconomyClass,En Vuelo
511,Markos,Hernandez,20000.00,MM0987B,EconomyClass,En Horario
15,Megen,Hernandez,10000.00,BA2491A,FirstClass,Aterrizado
759,Nanete,Hernandez,37000.00,FR5678G,FirstClass,En Horario
263,Orelee,Hernandez,20000.00,TU6789B,ExecutiveClass,Aterrizado
307,Renie,Hernandez,33000.00,TU6789B,EconomyClass,Aterrizado
635,Sherwin,Hernandez,10000.00,HY4567D,EconomyClass,Demorado
431,Smitty,Hernandez,15000.00,GU2345F,FirstClass,En Vuelo
112,Tersina,Hernandez,30000.00,IB0800A,ExecutiveClass,Aterrizado
679,Tomi,Hernandez,50000.00,HY4567D,EconomyClass,Demorado
139,Yankee,Hernandez,42000.00,BA2491A,ExecutiveClass,Aterrizado
35,Jehanna,Herrera,50000.00,BA2491A,FirstClass,Aterrizado
903,Judas,Herrera,10000.00,BR3456J,FirstClass,Demorado
159,Kipp,Herrera,15000.00,IB0800A,EconomyClass,Aterrizado
655,Maddy,Herrera,25000.00,HY4567D,EconomyClass,Demorado
531,Maxi,Herrera,37000.00,GU2345F,EconomyClass,En Vuelo
779,Melva,Herrera,42000.00,FR5678G,ExecutiveClass,En Horario
407,Mikael,Herrera,50000.00,TU6789B,EconomyClass,Aterrizado
283,Osbert,Herrera,15000.00,TU6789B,ExecutiveClass,Aterrizado
285,Bartel,Jara,37000.00,TU6789B,ExecutiveClass,Aterrizado
657,Boothe,Jara,12000.00,HY4567D,EconomyClass,Demorado
533,Dennison,Jara,25000.00,GU2345F,EconomyClass,En Vuelo
781,Felike,Jara,33000.00,FR5678G,ExecutiveClass,En Horario
161,Ferdie,Jara,15000.00,IB0800A,EconomyClass,Aterrizado
905,Freda,Jara,42000.00,BR3456J,FirstClass,Demorado
409,Sileas,Jara,20000.00,TU6789B,EconomyClass,Aterrizado
37,Stefa,Jara,42000.00,BA2491A,FirstClass,Aterrizado
606,Dedie,Jimenez,33000.00,HY4567D,ExecutiveClass,Demorado
110,Dominick,Jimenez,30000.00,IB0800A,ExecutiveClass,Aterrizado
730,Emmet,Jimenez,37000.00,IB0800A,EconomyClass,Aterrizado
854,Levon,Jimenez,25000.00,FR5678G,EconomyClass,En Horario
234,Pietro,Jimenez,18000.00,BA2491A,EconomyClass,Aterrizado
482,Tori,Jimenez,42000.00,GU2345F,EconomyClass,En Vuelo
358,Ula,Jimenez,50000.00,TU6789B,EconomyClass,Aterrizado
978,Warner,Jimenez,30000.00,IB0800A,EconomyClass,Aterrizado
203,Cissiee,Lagos,18000.00,BA2491A,EconomyClass,Aterrizado
699,Evelyn,Lagos,10000.00,HY4567D,EconomyClass,Demorado
575,Florida,Lagos,37000.00,HY4567D,FirstClass,Demorado
451,Margalit,Lagos,15000.00,GU2345F,ExecutiveClass,En Vuelo
947,Martyn,Lagos,25000.00,BR3456J,EconomyClass,Demorado
327,Nerty,Lagos,20000.00,TU6789B,EconomyClass,Aterrizado
79,Roland,Lagos,25000.00,IB0800A,ExecutiveClass,Aterrizado
823,Tania,Lagos,42000.00,FR5678G,EconomyClass,En Horario
938,Arabel,Leiva,50000.00,IB0800A,EconomyClass,Aterrizado
690,Krystyna,Leiva,50000.00,HY4567D,EconomyClass,Demorado
566,Lemmie,Leiva,18000.00,GU2345F,EconomyClass,En Vuelo
814,Obadiah,Leiva,12000.00,FR5678G,EconomyClass,En Horario
194,Philipa,Leiva,42000.00,TU6789B,FirstClass,Aterrizado
70,Sayre,Leiva,33000.00,IB0800A,FirstClass,Aterrizado
442,Tam,Leiva,20000.00,GU2345F,ExecutiveClass,En Vuelo
318,Urban,Leiva,10000.00,BA2491A,EconomyClass,Aterrizado
476,Abigael,Lopez,12000.00,GU2345F,ExecutiveClass,En Vuelo
600,Cornall,Lopez,18000.00,HY4567D,FirstClass,Demorado
509,Cornie,Lopez,42000.00,MM0987B,EconomyClass,En Horario
385,Gayel,Lopez,20000.00,TU6789B,EconomyClass,Aterrizado
104,Geneva,Lopez,33000.00,MM0987B,ExecutiveClass,En Horario
228,Jeniece,Lopez,15000.00,TU6789B,FirstClass,Aterrizado
137,Johnette,Lopez,10000.00,BA2491A,ExecutiveClass,Aterrizado
261,Josiah,Lopez,10000.00,TU6789B,ExecutiveClass,Aterrizado
881,Kenna,Lopez,25000.00,FR5678G,EconomyClass,En Horario
757,Kerianne,Lopez,37000.00,FR5678G,FirstClass,En Horario
352,Marieann,Lopez,50000.00,TU6789B,EconomyClass,Aterrizado
848,Rasia,Lopez,37000.00,FR5678G,EconomyClass,En Horario
633,Shandra,Lopez,50000.00,HY4567D,EconomyClass,Demorado
13,Shel,Lopez,50000.00,MM0987B,FirstClass,En Horario
972,Sloan,Lopez,42000.00,IB0800A,EconomyClass,Aterrizado
724,Zia,Lopez,42000.00,IB0800A,EconomyClass,Aterrizado
700,Abbot,Maldonado,33000.00,HY4567D,EconomyClass,Demorado
948,Agustin,Maldonado,25000.00,BR3456J,EconomyClass,Demorado
576,Corrina,Maldonado,15000.00,HY4567D,FirstClass,Demorado
80,Jesselyn,Maldonado,30000.00,IB0800A,ExecutiveClass,Aterrizado
204,Jillana,Maldonado,18000.00,BA2491A,EconomyClass,Aterrizado
328,Matias,Maldonado,33000.00,TU6789B,EconomyClass,Aterrizado
824,Mercie,Maldonado,42000.00,FR5678G,EconomyClass,En Horario
452,Samara,Maldonado,50000.00,GU2345F,ExecutiveClass,En Vuelo
725,Cristina,Martin,15000.00,IB0800A,EconomyClass,Aterrizado
853,Eve,Martin,12000.00,FR5678G,EconomyClass,En Horario
481,Lionello,Martin,37000.00,GU2345F,EconomyClass,En Vuelo
605,Minda,Martin,15000.00,HY4567D,ExecutiveClass,Demorado
357,Nisse,Martin,37000.00,TU6789B,EconomyClass,Aterrizado
729,Osbert,Martin,33000.00,IB0800A,EconomyClass,Aterrizado
233,Peter,Martin,12000.00,BA2491A,EconomyClass,Aterrizado
109,Trixie,Martin,42000.00,IB0800A,ExecutiveClass,Aterrizado
977,Wenonah,Martin,12000.00,IB0800A,EconomyClass,Aterrizado
753,Andrej,Martinez,50000.00,FR5678G,FirstClass,En Horario
353,Carita,Martinez,42000.00,TU6789B,EconomyClass,Aterrizado
133,Cordy,Martinez,18000.00,BA2491A,ExecutiveClass,Aterrizado
601,Emmalee,Martinez,18000.00,HY4567D,FirstClass,Demorado
849,Gibb,Martinez,20000.00,FR5678G,EconomyClass,En Horario
973,Guglielma,Martinez,15000.00,IB0800A,EconomyClass,Aterrizado
9,Jeanine,Martinez,18000.00,MM0987B,FirstClass,En Horario
257,Jori,Martinez,12000.00,BA2491A,EconomyClass,Aterrizado
105,Kilian,Martinez,42000.00,MM0987B,ExecutiveClass,En Horario
877,Mac,Martinez,25000.00,FR5678G,EconomyClass,En Horario
629,Mace,Martinez,18000.00,HY4567D,ExecutiveClass,Demorado
477,Mariele,Martinez,33000.00,GU2345F,EconomyClass,En Vuelo
505,Martguerita,Martinez,50000.00,GU2345F,EconomyClass,En Vuelo
381,Silas,Martinez,15000.00,BA2491A,EconomyClass,Aterrizado
229,Tabina,Martinez,10000.00,TU6789B,FirstClass,Aterrizado
206,Borden,Medina,12000.00,TU6789B,FirstClass,Aterrizado
82,Kendre,Medina,25000.00,IB0800A,ExecutiveClass,Aterrizado
454,Korella,Medina,33000.00,GU2345F,ExecutiveClass,En Vuelo
950,Lonna,Medina,10000.00,BR3456J,EconomyClass,Demorado
702,Rikki,Medina,12000.00,HY4567D,EconomyClass,Demorado
330,Rosemarie,Medina,33000.00,TU6789B,EconomyClass,Aterrizado
578,Scarlett,Medina,20000.00,HY4567D,FirstClass,Demorado
826,Yetta,Medina,25000.00,FR5678G,EconomyClass,En Horario
594,Cyndia,Mendoza,33000.00,HY4567D,FirstClass,Demorado
718,Fina,Mendoza,42000.00,IB0800A,EconomyClass,Aterrizado
842,Irv,Mendoza,15000.00,FR5678G,EconomyClass,En Horario
98,Jacquelin,Mendoza,30000.00,IB0800A,ExecutiveClass,Aterrizado
346,Janeta,Mendoza,10000.00,TU6789B,EconomyClass,Aterrizado
966,Karon,Mendoza,10000.00,BR3456J,EconomyClass,Demorado
222,Marina,Mendoza,12000.00,TU6789B,FirstClass,Aterrizado
470,Rod,Mendoza,50000.00,GU2345F,ExecutiveClass,En Vuelo
43,Bradney,Miranda,25000.00,BA2491A,ExecutiveClass,Aterrizado
291,Chalmers,Miranda,10000.00,BA2491A,EconomyClass,Aterrizado
539,Christie,Miranda,18000.00,BA2491A,EconomyClass,Aterrizado
167,Didi,Miranda,15000.00,IB0800A,EconomyClass,Aterrizado
787,Fayre,Miranda,18000.00,FR5678G,ExecutiveClass,En Horario
911,Maurie,Miranda,50000.00,MM0987B,EconomyClass,En Horario
663,Millie,Miranda,15000.00,HY4567D,EconomyClass,Demorado
415,Skylar,Miranda,20000.00,TU6789B,EconomyClass,Aterrizado
418,Addia,Molina,20000.00,TU6789B,EconomyClass,Aterrizado
666,Caritta,Molina,12000.00,HY4567D,EconomyClass,Demorado
294,Cleo,Molina,50000.00,BA2491A,EconomyClass,Aterrizado
914,Curry,Molina,20000.00,MM0987B,EconomyClass,En Horario
170,Devi,Molina,25000.00,IB0800A,EconomyClass,Aterrizado
542,Gene,Molina,15000.00,GU2345F,EconomyClass,En Vuelo
46,Lonnard,Molina,50000.00,IB0800A,FirstClass,Aterrizado
790,Noll,Molina,30000.00,FR5678G,ExecutiveClass,En Horario
879,Barbey,Morales,12000.00,FR5678G,EconomyClass,En Horario
11,Brandea,Morales,15000.00,IB0800A,FirstClass,Aterrizado
755,Dorian,Morales,15000.00,FR5678G,FirstClass,En Horario
135,Dunstan,Morales,20000.00,BA2491A,ExecutiveClass,Aterrizado
383,George,Morales,15000.00,TU6789B,EconomyClass,Aterrizado
631,Ivonne,Morales,20000.00,HY4567D,ExecutiveClass,Demorado
259,Merrile,Morales,50000.00,BA2491A,EconomyClass,Aterrizado
507,Patrice,Morales,37000.00,GU2345F,EconomyClass,En Vuelo
993,Angelia,Moreno,50000.00,MM0987B,EconomyClass,En Horario
705,Ariella,Moreno,12000.00,HY4567D,EconomyClass,Demorado
457,Arnaldo,Moreno,10000.00,GU2345F,ExecutiveClass,En Vuelo
209,Asia,Moreno,37000.00,TU6789B,FirstClass,Aterrizado
486,Bartholomew,Moreno,33000.00,GU2345F,EconomyClass,En Vuelo
362,Buddy,Moreno,50000.00,TU6789B,EconomyClass,Aterrizado
829,Conan,Moreno,20000.00,FR5678G,EconomyClass,En Horario
333,Cornie,Moreno,15000.00,TU6789B,EconomyClass,Aterrizado
114,Freddie,Moreno,12000.00,IB0800A,ExecutiveClass,Aterrizado
953,Lacey,Moreno,50000.00,MM0987B,EconomyClass,En Horario
238,Leeanne,Moreno,15000.00,TU6789B,FirstClass,Aterrizado
858,Ophelie,Moreno,37000.00,FR5678G,EconomyClass,En Horario
610,Sayre,Moreno,33000.00,HY4567D,ExecutiveClass,Demorado
982,Sharai,Moreno,10000.00,BA2491A,EconomyClass,Aterrizado
734,Silas,Moreno,20000.00,IB0800A,EconomyClass,Aterrizado
581,Tiphani,Moreno,33000.00,HY4567D,FirstClass,Demorado
85,Trenton,Moreno,12000.00,IB0800A,ExecutiveClass,Aterrizado
736,Arvie,Munoz,15000.00,IB0800A,EconomyClass,Aterrizado
240,Billie,Munoz,37000.00,TU6789B,FirstClass,Aterrizado
374,Dalis,Munoz,42000.00,TU6789B,EconomyClass,Aterrizado
860,Fair,Munoz,37000.00,FR5678G,EconomyClass,En Horario
612,Fidole,Munoz,30000.00,HY4567D,ExecutiveClass,Demorado
126,Fonzie,Munoz,15000.00,IB0800A,EconomyClass,Aterrizado
498,Gretchen,Munoz,12000.00,GU2345F,EconomyClass,En Vuelo
488,Hedvige,Munoz,37000.00,GU2345F,EconomyClass,En Vuelo
622,Hestia,Munoz,18000.00,HY4567D,ExecutiveClass,Demorado
364,Junie,Munoz,20000.00,TU6789B,EconomyClass,Aterrizado
995,Maxi,Munoz,18000.00,MM0987B,EconomyClass,En Horario
870,Pearla,Munoz,33000.00,FR5678G,EconomyClass,En Horario
984,Pebrook,Munoz,33000.00,BA2491A,EconomyClass,Aterrizado
746,Rosemarie,Munoz,10000.00,FR5678G,FirstClass,En Horario
250,Tiphani,Munoz,42000.00,TU6789B,ExecutiveClass,Aterrizado
116,Tracey,Munoz,20000.00,IB0800A,ExecutiveClass,Aterrizado
2,Ulrike,Munoz,25000.00,IB0800A,FirstClass,Aterrizado
584,Basil,Navarrete,12000.00,HY4567D,FirstClass,Demorado
336,Dominique,Navarrete,37000.00,TU6789B,EconomyClass,Aterrizado
88,George,Navarrete,30000.00,MM0987B,ExecutiveClass,En Horario
460,Mac,Navarrete,20000.00,GU2345F,ExecutiveClass,En Vuelo
708,Merle,Navarrete,10000.00,HY4567D,EconomyClass,Demorado
832,Olivier,Navarrete,20000.00,FR5678G,EconomyClass,En Horario
956,Sioux,Navarrete,12000.00,MM0987B,EconomyClass,En Horario
212,Thomasina,Navarrete,42000.00,TU6789B,FirstClass,Aterrizado
864,Alonzo,Navarro,12000.00,FR5678G,EconomyClass,En Horario
557,Babbie,Navarro,15000.00,GU2345F,EconomyClass,En Vuelo
681,Burgess,Navarro,12000.00,HY4567D,EconomyClass,Demorado
244,Cal,Navarro,42000.00,TU6789B,ExecutiveClass,Aterrizado
740,Chen,Navarro,37000.00,FR5678G,FirstClass,En Horario
368,Clywd,Navarro,33000.00,TU6789B,EconomyClass,Aterrizado
988,Dawn,Navarro,37000.00,BA2491A,EconomyClass,Aterrizado
61,Deeyn,Navarro,20000.00,MM0987B,FirstClass,En Horario
433,Emmit,Navarro,12000.00,GU2345F,FirstClass,En Vuelo
309,Ernestus,Navarro,12000.00,TU6789B,EconomyClass,Aterrizado
805,Fred,Navarro,25000.00,FR5678G,EconomyClass,En Horario
616,Hetti,Navarro,30000.00,HY4567D,ExecutiveClass,Demorado
120,Lorettalorna,Navarro,25000.00,MM0987B,ExecutiveClass,En Horario
185,Marcellus,Navarro,30000.00,MM0987B,ExecutiveClass,En Horario
929,Melody,Navarro,20000.00,BR3456J,EconomyClass,Demorado
492,Minny,Navarro,33000.00,GU2345F,EconomyClass,En Vuelo
999,Tamarra,Navarro,15000.00,MM0987B,EconomyClass,En Horario
408,Benson,Nunez,20000.00,TU6789B,EconomyClass,Aterrizado
36,Cristie,Nunez,10000.00,BA2491A,FirstClass,Aterrizado
656,Filmer,Nunez,50000.00,HY4567D,EconomyClass,Demorado
904,Josiah,Nunez,12000.00,BR3456J,FirstClass,Demorado
160,Leonie,Nunez,50000.00,IB0800A,EconomyClass,Aterrizado
532,Nathalie,Nunez,37000.00,GU2345F,EconomyClass,En Vuelo
284,Sidonia,Nunez,10000.00,TU6789B,ExecutiveClass,Aterrizado
780,Tootsie,Nunez,25000.00,FR5678G,ExecutiveClass,En Horario
52,Carline,Olivares,12000.00,IB0800A,FirstClass,Aterrizado
424,Chuck,Olivares,33000.00,GU2345F,FirstClass,En Vuelo
920,Gretna,Olivares,42000.00,BR3456J,ExecutiveClass,Demorado
796,Hersh,Olivares,33000.00,FR5678G,ExecutiveClass,En Horario
548,Mab,Olivares,25000.00,GU2345F,EconomyClass,En Vuelo
672,Sheila-kathryn,Olivares,10000.00,HY4567D,EconomyClass,Demorado
176,Wanids,Olivares,30000.00,MM0987B,ExecutiveClass,En Horario
300,Zabrina,Olivares,12000.00,TU6789B,EconomyClass,Aterrizado
918,Alysia,Orellana,37000.00,MM0987B,EconomyClass,En Horario
670,Arlette,Orellana,30000.00,HY4567D,EconomyClass,Demorado
50,Carroll,Orellana,42000.00,IB0800A,FirstClass,Aterrizado
794,Harv,Orellana,42000.00,FR5678G,ExecutiveClass,En Horario
546,Henrie,Orellana,50000.00,GU2345F,EconomyClass,En Vuelo
422,Jennifer,Orellana,15000.00,GU2345F,FirstClass,En Vuelo
174,Prentiss,Orellana,30000.00,IB0800A,EconomyClass,Aterrizado
298,Sayre,Orellana,18000.00,TU6789B,EconomyClass,Aterrizado
963,Arley,Ortega,33000.00,BR3456J,EconomyClass,Demorado
591,Emlyn,Ortega,50000.00,HY4567D,FirstClass,Demorado
343,Johannes,Ortega,18000.00,TU6789B,EconomyClass,Aterrizado
219,Kaile,Ortega,33000.00,TU6789B,FirstClass,Aterrizado
95,Kyrstin,Ortega,37000.00,IB0800A,ExecutiveClass,Aterrizado
715,Lucky,Ortega,42000.00,IB0800A,EconomyClass,Aterrizado
839,Oralia,Ortega,10000.00,FR5678G,EconomyClass,En Horario
467,Svend,Ortega,25000.00,GU2345F,ExecutiveClass,En Vuelo
427,Carine,Ortiz,33000.00,GU2345F,FirstClass,En Vuelo
303,Charin,Ortiz,12000.00,TU6789B,EconomyClass,Aterrizado
55,Corina,Ortiz,37000.00,MM0987B,FirstClass,En Horario
799,Emmaline,Ortiz,37000.00,FR5678G,ExecutiveClass,En Horario
923,Ezekiel,Ortiz,20000.00,BR3456J,ExecutiveClass,Demorado
551,Gauthier,Ortiz,12000.00,GU2345F,EconomyClass,En Vuelo
675,Immanuel,Ortiz,33000.00,HY4567D,EconomyClass,Demorado
179,Lynea,Ortiz,20000.00,MM0987B,ExecutiveClass,En Horario
580,Delaney,Palma,50000.00,HY4567D,FirstClass,Demorado
332,Eden,Palma,18000.00,TU6789B,EconomyClass,Aterrizado
952,Edwina,Palma,42000.00,MM0987B,EconomyClass,En Horario
456,Leeanne,Palma,10000.00,GU2345F,ExecutiveClass,En Vuelo
828,Norbert,Palma,20000.00,FR5678G,EconomyClass,En Horario
704,Pauly,Palma,30000.00,HY4567D,EconomyClass,Demorado
84,Tatiania,Palma,20000.00,IB0800A,ExecutiveClass,Aterrizado
208,Weider,Palma,50000.00,TU6789B,FirstClass,Aterrizado
931,Callie,Parra,10000.00,BR3456J,EconomyClass,Demorado
683,Jaquenette,Parra,25000.00,HY4567D,EconomyClass,Demorado
559,Jessamine,Parra,18000.00,GU2345F,EconomyClass,En Vuelo
63,Loy,Parra,15000.00,MM0987B,FirstClass,En Horario
187,Sebastien,Parra,37000.00,MM0987B,ExecutiveClass,En Horario
311,Tabor,Parra,37000.00,TU6789B,EconomyClass,Aterrizado
435,Wesley,Parra,10000.00,GU2345F,FirstClass,En Vuelo
807,Wini,Parra,37000.00,FR5678G,EconomyClass,En Horario
945,Cherice,Pena,15000.00,BR3456J,EconomyClass,Demorado
449,Julietta,Pena,42000.00,GU2345F,ExecutiveClass,En Vuelo
325,Maynord,Pena,42000.00,BA2491A,EconomyClass,Aterrizado
201,Odey,Pena,20000.00,BA2491A,EconomyClass,Aterrizado
697,Robbie,Pena,30000.00,HY4567D,EconomyClass,Demorado
77,Sacha,Pena,25000.00,IB0800A,ExecutiveClass,Aterrizado
573,Sutherlan,Pena,10000.00,GU2345F,EconomyClass,En Vuelo
821,Trevor,Pena,10000.00,FR5678G,EconomyClass,En Horario
975,Aleksandr,Perez,42000.00,IB0800A,EconomyClass,Aterrizado
479,Benita,Perez,25000.00,GU2345F,EconomyClass,En Vuelo
603,Cahra,Perez,50000.00,HY4567D,ExecutiveClass,Demorado
749,Carola,Perez,10000.00,FR5678G,FirstClass,En Horario
501,Gabi,Perez,30000.00,GU2345F,EconomyClass,En Vuelo
107,Gaven,Perez,10000.00,MM0987B,ExecutiveClass,En Horario
377,Hussein,Perez,25000.00,BA2491A,EconomyClass,Aterrizado
231,Marmaduke,Perez,10000.00,BA2491A,EconomyClass,Aterrizado
253,Norene,Perez,25000.00,BA2491A,EconomyClass,Aterrizado
727,Rickie,Perez,42000.00,IB0800A,EconomyClass,Aterrizado
5,Sheelagh,Perez,18000.00,IB0800A,FirstClass,Aterrizado
851,Sidoney,Perez,20000.00,FR5678G,EconomyClass,En Horario
873,Thomasa,Perez,18000.00,FR5678G,EconomyClass,En Horario
625,Tonya,Perez,37000.00,HY4567D,ExecutiveClass,Demorado
129,Vina,Perez,42000.00,BA2491A,ExecutiveClass,Aterrizado
355,Wilfred,Perez,20000.00,TU6789B,EconomyClass,Aterrizado
703,Alverta,Pino,25000.00,HY4567D,EconomyClass,Demorado
827,Angeli,Pino,20000.00,FR5678G,EconomyClass,En Horario
331,Booth,Pino,15000.00,TU6789B,EconomyClass,Aterrizado
455,Hilly,Pino,30000.00,GU2345F,ExecutiveClass,En Vuelo
83,Lesya,Pino,15000.00,IB0800A,ExecutiveClass,Aterrizado
207,Maddie,Pino,33000.00,TU6789B,FirstClass,Aterrizado
579,Shel,Pino,25000.00,HY4567D,FirstClass,Demorado
951,Wake,Pino,25000.00,BR3456J,EconomyClass,Demorado
646,Arlie,Pizarro,42000.00,HY4567D,EconomyClass,Demorado
770,Barbey,Pizarro,20000.00,FR5678G,ExecutiveClass,En Horario
522,Charles,Pizarro,42000.00,GU2345F,EconomyClass,En Vuelo
150,Dot,Pizarro,18000.00,IB0800A,EconomyClass,Aterrizado
274,Dyann,Pizarro,50000.00,TU6789B,ExecutiveClass,Aterrizado
398,Easter,Pizarro,30000.00,MM0987B,ExecutiveClass,En Horario
894,Gabbie,Pizarro,42000.00,FR5678G,EconomyClass,En Horario
26,Karim,Pizarro,25000.00,MM0987B,FirstClass,En Horario
836,Keene,Poblete,25000.00,FR5678G,EconomyClass,En Horario
464,Liana,Poblete,15000.00,GU2345F,ExecutiveClass,En Vuelo
92,Lonni,Poblete,50000.00,MM0987B,ExecutiveClass,En Horario
588,Lynnette,Poblete,37000.00,HY4567D,FirstClass,Demorado
712,Matelda,Poblete,18000.00,HY4567D,EconomyClass,Demorado
340,Melloney,Poblete,33000.00,TU6789B,EconomyClass,Aterrizado
216,Nikoletta,Poblete,12000.00,TU6789B,FirstClass,Aterrizado
960,Zitella,Poblete,42000.00,BR3456J,EconomyClass,Demorado
279,Alberik,Ramirez,50000.00,TU6789B,ExecutiveClass,Aterrizado
403,Bar,Ramirez,20000.00,TU6789B,EconomyClass,Aterrizado
527,Eveline,Ramirez,37000.00,GU2345F,EconomyClass,En Vuelo
31,Franny,Ramirez,15000.00,IB0800A,FirstClass,Aterrizado
899,Martelle,Ramirez,15000.00,BR3456J,FirstClass,Demorado
155,Osbert,Ramirez,42000.00,IB0800A,EconomyClass,Aterrizado
651,Thorndike,Ramirez,10000.00,HY4567D,EconomyClass,Demorado
775,Wilie,Ramirez,30000.00,FR5678G,ExecutiveClass,En Horario
372,Andy,Ramos,37000.00,TU6789B,EconomyClass,Aterrizado
496,Conrado,Ramos,50000.00,GU2345F,EconomyClass,En Vuelo
620,Lissy,Ramos,37000.00,HY4567D,ExecutiveClass,Demorado
248,Maynard,Ramos,18000.00,TU6789B,ExecutiveClass,Aterrizado
744,Melonie,Ramos,33000.00,FR5678G,FirstClass,En Horario
124,Pen,Ramos,18000.00,IB0800A,EconomyClass,Aterrizado
992,Trenna,Ramos,10000.00,MM0987B,EconomyClass,En Horario
868,Trumaine,Ramos,42000.00,FR5678G,EconomyClass,En Horario
767,Brynne,Reyes,18000.00,FR5678G,ExecutiveClass,En Horario
891,Conant,Reyes,37000.00,FR5678G,EconomyClass,En Horario
519,Ethe,Reyes,20000.00,GU2345F,EconomyClass,En Vuelo
147,Gustie,Reyes,42000.00,IB0800A,EconomyClass,Aterrizado
23,Johnny,Reyes,33000.00,MM0987B,FirstClass,En Horario
271,Larina,Reyes,18000.00,TU6789B,ExecutiveClass,Aterrizado
395,Livy,Reyes,20000.00,MM0987B,ExecutiveClass,En Horario
643,Neron,Reyes,42000.00,HY4567D,EconomyClass,Demorado
41,Brnaba,Riquelme,30000.00,MM0987B,FirstClass,En Horario
537,Ced,Riquelme,20000.00,BA2491A,EconomyClass,Aterrizado
413,Clair,Riquelme,42000.00,TU6789B,EconomyClass,Aterrizado
289,Dulcea,Riquelme,25000.00,BA2491A,EconomyClass,Aterrizado
785,Francine,Riquelme,42000.00,FR5678G,ExecutiveClass,En Horario
909,Leo,Riquelme,42000.00,MM0987B,EconomyClass,En Horario
661,Shermie,Riquelme,12000.00,HY4567D,EconomyClass,Demorado
165,Sib,Riquelme,33000.00,IB0800A,EconomyClass,Aterrizado
39,Alfredo,Rivera,10000.00,MM0987B,FirstClass,En Horario
783,Crosby,Rivera,12000.00,FR5678G,ExecutiveClass,En Horario
535,Frans,Rivera,33000.00,BA2491A,EconomyClass,Aterrizado
411,Frayda,Rivera,30000.00,TU6789B,EconomyClass,Aterrizado
287,Ofelia,Rivera,30000.00,BA2491A,EconomyClass,Aterrizado
163,Pascale,Rivera,15000.00,IB0800A,EconomyClass,Aterrizado
907,Tabb,Rivera,50000.00,BR3456J,ExecutiveClass,Demorado
659,Willdon,Rivera,10000.00,HY4567D,EconomyClass,Demorado
227,Adel,Rodriguez,30000.00,TU6789B,FirstClass,Aterrizado
475,Coletta,Rodriguez,50000.00,GU2345F,ExecutiveClass,En Vuelo
12,Cordelie,Rodriguez,50000.00,IB0800A,FirstClass,Aterrizado
723,Darlene,Rodriguez,42000.00,IB0800A,EconomyClass,Aterrizado
103,Desiri,Rodriguez,25000.00,MM0987B,ExecutiveClass,En Horario
847,Estella,Rodriguez,42000.00,FR5678G,EconomyClass,En Horario
136,Gideon,Rodriguez,15000.00,BA2491A,ExecutiveClass,Aterrizado
351,Heddi,Rodriguez,20000.00,TU6789B,EconomyClass,Aterrizado
599,Howard,Rodriguez,18000.00,HY4567D,FirstClass,Demorado
632,Josepha,Rodriguez,20000.00,HY4567D,EconomyClass,Demorado
880,Josi,Rodriguez,18000.00,FR5678G,EconomyClass,En Horario
756,Kaitlynn,Rodriguez,15000.00,FR5678G,FirstClass,En Horario
508,Lin,Rodriguez,12000.00,MM0987B,EconomyClass,En Horario
971,Mercedes,Rodriguez,12000.00,IB0800A,EconomyClass,Aterrizado
384,Nonnah,Rodriguez,25000.00,TU6789B,EconomyClass,Aterrizado
260,Tadd,Rodriguez,50000.00,TU6789B,ExecutiveClass,Aterrizado
499,Bibbie,Rojas,37000.00,GU2345F,EconomyClass,En Vuelo
3,Brade,Rojas,20000.00,MM0987B,FirstClass,En Horario
127,Cindelyn,Rojas,12000.00,IB0800A,EconomyClass,Aterrizado
623,Dorotea,Rojas,10000.00,HY4567D,ExecutiveClass,Demorado
747,Graehme,Rojas,18000.00,FR5678G,FirstClass,En Horario
251,Jenna,Rojas,30000.00,TU6789B,ExecutiveClass,Aterrizado
375,Nanni,Rojas,25000.00,BA2491A,EconomyClass,Aterrizado
871,Phelia,Rojas,33000.00,FR5678G,EconomyClass,En Horario
241,Alexandra,Romero,42000.00,TU6789B,FirstClass,Aterrizado
996,Atalanta,Romero,37000.00,MM0987B,EconomyClass,En Horario
117,Cherrita,Romero,33000.00,MM0987B,ExecutiveClass,En Horario
932,Debby,Romero,18000.00,IB0800A,EconomyClass,Aterrizado
489,Dorothea,Romero,15000.00,GU2345F,EconomyClass,En Vuelo
808,Emanuel,Romero,30000.00,FR5678G,EconomyClass,En Horario
985,Erna,Romero,33000.00,BA2491A,EconomyClass,Aterrizado
613,Evin,Romero,12000.00,HY4567D,ExecutiveClass,Demorado
436,Felicdad,Romero,18000.00,GU2345F,FirstClass,En Vuelo
64,Gabbey,Romero,37000.00,MM0987B,FirstClass,En Horario
560,Hesther,Romero,15000.00,GU2345F,EconomyClass,En Vuelo
737,Keith,Romero,20000.00,FR5678G,FirstClass,En Horario
312,Lenci,Romero,42000.00,TU6789B,EconomyClass,Aterrizado
365,Neely,Romero,20000.00,TU6789B,EconomyClass,Aterrizado
861,Pietrek,Romero,25000.00,FR5678G,EconomyClass,En Horario
188,Scarface,Romero,50000.00,MM0987B,ExecutiveClass,En Horario
684,Sly,Romero,42000.00,HY4567D,EconomyClass,Demorado
731,Cassandry,Ruiz,33000.00,IB0800A,EconomyClass,Aterrizado
444,Chrissy,Ruiz,18000.00,GU2345F,ExecutiveClass,En Vuelo
320,Donaugh,Ruiz,12000.00,BA2491A,EconomyClass,Aterrizado
235,Hiram,Ruiz,20000.00,BA2491A,EconomyClass,Aterrizado
940,Josefina,Ruiz,30000.00,IB0800A,EconomyClass,Aterrizado
72,Katrine,Ruiz,25000.00,IB0800A,FirstClass,Aterrizado
979,Libbey,Ruiz,42000.00,BA2491A,EconomyClass,Aterrizado
607,Lydia,Ruiz,15000.00,HY4567D,ExecutiveClass,Demorado
483,Micheil,Ruiz,37000.00,GU2345F,EconomyClass,En Vuelo
816,Michele,Ruiz,42000.00,FR5678G,EconomyClass,En Horario
568,Modesta,Ruiz,33000.00,GU2345F,EconomyClass,En Vuelo
196,Otho,Ruiz,20000.00,BA2491A,ExecutiveClass,Aterrizado
111,Petey,Ruiz,15000.00,IB0800A,ExecutiveClass,Aterrizado
359,Tully,Ruiz,18000.00,TU6789B,EconomyClass,Aterrizado
855,Vassili,Ruiz,33000.00,FR5678G,EconomyClass,En Horario
692,Zorina,Ruiz,18000.00,HY4567D,EconomyClass,Demorado
556,Aeriela,Saavedra,37000.00,GU2345F,EconomyClass,En Vuelo
308,Davide,Saavedra,42000.00,TU6789B,EconomyClass,Aterrizado
804,Earle,Saavedra,30000.00,FR5678G,ExecutiveClass,En Horario
184,Eric,Saavedra,50000.00,MM0987B,ExecutiveClass,En Horario
680,Flore,Saavedra,30000.00,HY4567D,EconomyClass,Demorado
928,Hayden,Saavedra,30000.00,BR3456J,EconomyClass,Demorado
60,Kori,Saavedra,50000.00,MM0987B,FirstClass,En Horario
432,Wade,Saavedra,12000.00,GU2345F,FirstClass,En Vuelo
850,Amanda,Saez,37000.00,FR5678G,EconomyClass,En Horario
461,Anthia,Saez,37000.00,GU2345F,ExecutiveClass,En Vuelo
213,Darwin,Saez,18000.00,TU6789B,FirstClass,Aterrizado
957,Floyd,Saez,15000.00,MM0987B,EconomyClass,En Horario
89,Guenevere,Saez,30000.00,MM0987B,ExecutiveClass,En Horario
709,Hagan,Saez,50000.00,HY4567D,EconomyClass,Demorado
585,Horatius,Saez,18000.00,HY4567D,FirstClass,Demorado
337,Lira,Saez,30000.00,TU6789B,EconomyClass,Aterrizado
833,Oby,Saez,12000.00,FR5678G,EconomyClass,En Horario
429,Coleman,Salazar,25000.00,GU2345F,FirstClass,En Vuelo
677,Galen,Salazar,50000.00,HY4567D,EconomyClass,Demorado
181,Guillaume,Salazar,37000.00,MM0987B,ExecutiveClass,En Horario
57,Homer,Salazar,18000.00,MM0987B,FirstClass,En Horario
305,Jacinda,Salazar,50000.00,TU6789B,EconomyClass,Aterrizado
801,Janine,Salazar,50000.00,FR5678G,ExecutiveClass,En Horario
553,Lynett,Salazar,37000.00,GU2345F,EconomyClass,En Vuelo
925,Wittie,Salazar,37000.00,BR3456J,ExecutiveClass,Demorado
571,Carma,Salinas,33000.00,GU2345F,EconomyClass,En Vuelo
199,Eliot,Salinas,12000.00,BA2491A,EconomyClass,Aterrizado
447,Guy,Salinas,42000.00,GU2345F,ExecutiveClass,En Vuelo
323,Hilary,Salinas,37000.00,BA2491A,EconomyClass,Aterrizado
695,Justino,Salinas,18000.00,HY4567D,EconomyClass,Demorado
943,Loria,Salinas,25000.00,IB0800A,EconomyClass,Aterrizado
819,Roch,Salinas,33000.00,FR5678G,EconomyClass,En Horario
75,Solomon,Salinas,10000.00,IB0800A,ExecutiveClass,Aterrizado
844,Bella,San Martin,18000.00,FR5678G,EconomyClass,En Horario
968,Berenice,San Martin,10000.00,IB0800A,EconomyClass,Aterrizado
596,Dylan,San Martin,30000.00,HY4567D,FirstClass,Demorado
100,Georgeta,San Martin,10000.00,IB0800A,ExecutiveClass,Aterrizado
348,Jefferey,San Martin,33000.00,TU6789B,EconomyClass,Aterrizado
720,Jennie,San Martin,42000.00,IB0800A,EconomyClass,Aterrizado
472,Saidee,San Martin,50000.00,GU2345F,ExecutiveClass,En Vuelo
224,Zonda,San Martin,33000.00,TU6789B,FirstClass,Aterrizado
602,Brian,Sanchez,20000.00,HY4567D,FirstClass,Demorado
478,Brooke,Sanchez,20000.00,GU2345F,EconomyClass,En Vuelo
153,Byram,Sanchez,42000.00,IB0800A,EconomyClass,Aterrizado
525,Edan,Sanchez,20000.00,GU2345F,EconomyClass,En Vuelo
897,Gabriell,Sanchez,10000.00,FR5678G,EconomyClass,En Horario
29,Gaye,Sanchez,37000.00,IB0800A,FirstClass,Aterrizado
974,Herrick,Sanchez,30000.00,IB0800A,EconomyClass,Aterrizado
726,Jonathon,Sanchez,50000.00,IB0800A,EconomyClass,Aterrizado
773,Juliana,Sanchez,50000.00,FR5678G,ExecutiveClass,En Horario
277,Kiel,Sanchez,50000.00,TU6789B,ExecutiveClass,Aterrizado
354,Kurtis,Sanchez,50000.00,TU6789B,EconomyClass,Aterrizado
230,Liana,Sanchez,33000.00,TU6789B,FirstClass,Aterrizado
106,Nance,Sanchez,10000.00,MM0987B,ExecutiveClass,En Horario
649,Ruthy,Sanchez,20000.00,HY4567D,EconomyClass,Demorado
401,Vail,Sanchez,33000.00,MM0987B,EconomyClass,En Horario
669,Beverlee,Sandoval,25000.00,HY4567D,EconomyClass,Demorado
173,Brandon,Sandoval,18000.00,IB0800A,EconomyClass,Aterrizado
49,Dagmar,Sandoval,25000.00,IB0800A,FirstClass,Aterrizado
297,Ddene,Sandoval,12000.00,TU6789B,ExecutiveClass,Aterrizado
545,Domini,Sandoval,18000.00,GU2345F,EconomyClass,En Vuelo
793,Grayce,Sandoval,33000.00,FR5678G,ExecutiveClass,En Horario
917,Luis,Sandoval,12000.00,MM0987B,EconomyClass,En Horario
421,Neila,Sandoval,15000.00,TU6789B,EconomyClass,Aterrizado
86,Angie,Sanhueza,20000.00,MM0987B,FirstClass,En Horario
830,Cale,Sanhueza,50000.00,FR5678G,EconomyClass,En Horario
582,Grier,Sanhueza,42000.00,HY4567D,FirstClass,Demorado
334,Isak,Sanhueza,20000.00,TU6789B,EconomyClass,Aterrizado
458,Kassi,Sanhueza,37000.00,GU2345F,ExecutiveClass,En Vuelo
954,Laetitia,Sanhueza,33000.00,MM0987B,EconomyClass,En Horario
706,Lia,Sanhueza,20000.00,HY4567D,EconomyClass,Demorado
210,Sayres,Sanhueza,10000.00,TU6789B,FirstClass,Aterrizado
10,Aggie,Sepulveda,15000.00,BA2491A,FirstClass,Aterrizado
382,Alister,Sepulveda,33000.00,BA2491A,EconomyClass,Aterrizado
754,Amber,Sepulveda,42000.00,FR5678G,FirstClass,En Horario
506,Lothaire,Sepulveda,20000.00,GU2345F,EconomyClass,En Vuelo
630,Lyndy,Sepulveda,37000.00,HY4567D,ExecutiveClass,Demorado
878,Ralf,Sepulveda,12000.00,FR5678G,EconomyClass,En Horario
134,Stephenie,Sepulveda,50000.00,BA2491A,ExecutiveClass,Aterrizado
258,Sydelle,Sepulveda,30000.00,BA2491A,EconomyClass,Aterrizado
752,Arch,Silva,33000.00,FR5678G,FirstClass,En Horario
876,Cecil,Silva,37000.00,FR5678G,EconomyClass,En Horario
132,Dante,Silva,30000.00,BA2491A,ExecutiveClass,Aterrizado
380,Fran,Silva,30000.00,BA2491A,EconomyClass,Aterrizado
256,Gusty,Silva,10000.00,BA2491A,EconomyClass,Aterrizado
8,Henrieta,Silva,30000.00,IB0800A,FirstClass,Aterrizado
504,Karie,Silva,25000.00,GU2345F,EconomyClass,En Vuelo
628,Maddy,Silva,25000.00,HY4567D,ExecutiveClass,Demorado
378,Brigg,Soto,10000.00,BA2491A,EconomyClass,Aterrizado
502,Callie,Soto,50000.00,GU2345F,EconomyClass,En Vuelo
874,Estella,Soto,20000.00,FR5678G,EconomyClass,En Horario
6,Gayle,Soto,30000.00,MM0987B,FirstClass,En Horario
626,Menard,Soto,37000.00,HY4567D,ExecutiveClass,Demorado
254,Morris,Soto,10000.00,BA2491A,EconomyClass,Aterrizado
130,Omero,Soto,10000.00,BA2491A,ExecutiveClass,Aterrizado
750,Zsa zsa,Soto,20000.00,FR5678G,FirstClass,En Horario
146,Armand,Tapia,15000.00,IB0800A,EconomyClass,Aterrizado
270,Edlin,Tapia,20000.00,TU6789B,ExecutiveClass,Aterrizado
642,Elinor,Tapia,33000.00,HY4567D,EconomyClass,Demorado
518,Erda,Tapia,37000.00,GU2345F,EconomyClass,En Vuelo
22,Eugene,Tapia,50000.00,BA2491A,FirstClass,Aterrizado
394,Gaelan,Tapia,25000.00,MM0987B,ExecutiveClass,En Horario
890,Madel,Tapia,12000.00,FR5678G,EconomyClass,En Horario
766,Toby,Tapia,20000.00,FR5678G,ExecutiveClass,En Horario
962,Burty,Toro,12000.00,BR3456J,EconomyClass,Demorado
466,Carlye,Toro,37000.00,GU2345F,ExecutiveClass,En Vuelo
342,Floria,Toro,12000.00,TU6789B,EconomyClass,Aterrizado
838,Hashim,Toro,50000.00,FR5678G,EconomyClass,En Horario
714,Jerrylee,Toro,10000.00,HY4567D,EconomyClass,Demorado
94,My,Toro,18000.00,MM0987B,ExecutiveClass,En Horario
218,Romola,Toro,50000.00,TU6789B,FirstClass,Aterrizado
590,Trumaine,Toro,15000.00,HY4567D,FirstClass,Demorado
636,Abigail,Torres,18000.00,HY4567D,EconomyClass,Demorado
512,Bird,Torres,18000.00,MM0987B,EconomyClass,En Horario
741,Carleton,Torres,15000.00,FR5678G,FirstClass,En Horario
140,Corbin,Torres,42000.00,BA2491A,ExecutiveClass,Aterrizado
369,Deni,Torres,42000.00,TU6789B,EconomyClass,Aterrizado
865,Devonna,Torres,18000.00,FR5678G,EconomyClass,En Horario
245,Donal,Torres,18000.00,TU6789B,ExecutiveClass,Aterrizado
16,Iver,Torres,12000.00,BA2491A,FirstClass,Aterrizado
493,Joshia,Torres,33000.00,GU2345F,EconomyClass,En Vuelo
617,Kirk,Torres,30000.00,HY4567D,ExecutiveClass,Demorado
884,Lona,Torres,30000.00,FR5678G,EconomyClass,En Horario
121,Patrizio,Torres,15000.00,IB0800A,ExecutiveClass,Aterrizado
1000,Saleem,Torres,20000.00,MM0987B,EconomyClass,En Horario
388,Shauna,Torres,25000.00,TU6789B,EconomyClass,Aterrizado
760,Sidonia,Torres,10000.00,FR5678G,FirstClass,En Horario
264,Stephen,Torres,37000.00,TU6789B,ExecutiveClass,Aterrizado
989,Wandie,Torres,25000.00,BA2491A,EconomyClass,Aterrizado
197,Alasteir,Valdes,20000.00,BA2491A,ExecutiveClass,Aterrizado
772,Alica,Valdes,37000.00,FR5678G,ExecutiveClass,En Horario
693,Baxy,Valdes,20000.00,HY4567D,EconomyClass,Demorado
569,Carter,Valdes,33000.00,GU2345F,EconomyClass,En Vuelo
73,Cristi,Valdes,42000.00,IB0800A,FirstClass,Aterrizado
817,Cynthia,Valdes,25000.00,FR5678G,EconomyClass,En Horario
941,Nina,Valdes,25000.00,IB0800A,EconomyClass,Aterrizado
445,Ozzie,Valdes,20000.00,GU2345F,ExecutiveClass,En Vuelo
321,Wilona,Valdes,25000.00,BA2491A,EconomyClass,Aterrizado
20,Bellanca,Valenzuela,15000.00,BA2491A,FirstClass,Aterrizado
268,Channa,Valenzuela,50000.00,TU6789B,ExecutiveClass,Aterrizado
144,Flora,Valenzuela,33000.00,IB0800A,EconomyClass,Aterrizado
888,Katlin,Valenzuela,25000.00,FR5678G,EconomyClass,En Horario
516,Pernell,Valenzuela,50000.00,GU2345F,EconomyClass,En Vuelo
764,Roslyn,Valenzuela,10000.00,FR5678G,FirstClass,En Horario
392,Vikki,Valenzuela,33000.00,MM0987B,ExecutiveClass,En Horario
640,Wolfy,Valenzuela,33000.00,HY4567D,EconomyClass,Demorado
314,Charisse,Vargas,50000.00,TU6789B,EconomyClass,Aterrizado
66,Dominica,Vargas,33000.00,IB0800A,FirstClass,Aterrizado
934,Dorette,Vargas,37000.00,IB0800A,EconomyClass,Aterrizado
810,Efrem,Vargas,20000.00,FR5678G,EconomyClass,En Horario
562,Erica,Vargas,10000.00,GU2345F,EconomyClass,En Vuelo
438,Gardie,Vargas,12000.00,GU2345F,FirstClass,En Vuelo
686,Rosalyn,Vargas,37000.00,HY4567D,EconomyClass,Demorado
190,Waldon,Vargas,30000.00,MM0987B,ExecutiveClass,En Horario
152,Babbie,Vasquez,15000.00,IB0800A,EconomyClass,Aterrizado
28,Doro,Vasquez,33000.00,IB0800A,FirstClass,Aterrizado
247,Dotty,Vasquez,42000.00,TU6789B,ExecutiveClass,Aterrizado
191,Bethina,Vazquez,15000.00,MM0987B,ExecutiveClass,En Horario
67,Blanch,Vazquez,15000.00,IB0800A,FirstClass,Aterrizado
687,Devondra,Vazquez,10000.00,HY4567D,EconomyClass,Demorado
276,Dru,Vazquez,50000.00,TU6789B,ExecutiveClass,Aterrizado
867,Emmanuel,Vazquez,30000.00,FR5678G,EconomyClass,En Horario
648,Ethan,Vazquez,12000.00,HY4567D,EconomyClass,Demorado
371,Franni,Vazquez,42000.00,TU6789B,EconomyClass,Aterrizado
524,Janey,Vazquez,42000.00,GU2345F,EconomyClass,En Vuelo
935,Jillane,Vazquez,37000.00,IB0800A,EconomyClass,Aterrizado
563,Keith,Vazquez,10000.00,GU2345F,EconomyClass,En Vuelo
439,Leelah,Vazquez,25000.00,GU2345F,FirstClass,En Vuelo
619,Lyndsay,Vazquez,42000.00,HY4567D,ExecutiveClass,Demorado
896,Oberon,Vazquez,15000.00,FR5678G,EconomyClass,En Horario
743,Pancho,Vazquez,18000.00,FR5678G,FirstClass,En Horario
123,Pippa,Vazquez,20000.00,IB0800A,ExecutiveClass,Aterrizado
400,Prince,Vazquez,25000.00,MM0987B,EconomyClass,En Horario
811,Susi,Vazquez,18000.00,FR5678G,EconomyClass,En Horario
315,Timothea,Vazquez,20000.00,TU6789B,EconomyClass,Aterrizado
495,Willey,Vazquez,15000.00,GU2345F,EconomyClass,En Vuelo
991,Zaccaria,Vazquez,33000.00,MM0987B,EconomyClass,En Horario
295,Catriona,Vega,42000.00,TU6789B,ExecutiveClass,Aterrizado
171,Clair,Vega,37000.00,IB0800A,EconomyClass,Aterrizado
419,Ed,Vega,18000.00,TU6789B,EconomyClass,Aterrizado
667,Kennan,Vega,12000.00,HY4567D,EconomyClass,Demorado
791,Ki,Vega,42000.00,FR5678G,ExecutiveClass,En Horario
543,Margeaux,Vega,18000.00,GU2345F,EconomyClass,En Vuelo
47,Raine,Vega,30000.00,IB0800A,FirstClass,Aterrizado
915,Tyrone,Vega,15000.00,MM0987B,EconomyClass,En Horario
964,Ansley,Venegas,37000.00,BR3456J,EconomyClass,Demorado
592,Corabelle,Venegas,37000.00,HY4567D,FirstClass,Demorado
716,Elita,Venegas,18000.00,IB0800A,EconomyClass,Aterrizado
344,Genevra,Venegas,10000.00,TU6789B,EconomyClass,Aterrizado
468,Kendell,Venegas,25000.00,GU2345F,ExecutiveClass,En Vuelo
96,Martino,Venegas,15000.00,IB0800A,ExecutiveClass,Aterrizado
220,Mozes,Venegas,25000.00,TU6789B,FirstClass,Aterrizado
840,Wadsworth,Venegas,30000.00,FR5678G,EconomyClass,En Horario
913,Anetta,Vera,10000.00,MM0987B,EconomyClass,En Horario
541,Deny,Vera,18000.00,GU2345F,EconomyClass,En Vuelo
169,Farley,Vera,12000.00,IB0800A,EconomyClass,Aterrizado
789,Florella,Vera,25000.00,FR5678G,ExecutiveClass,En Horario
45,Nikoletta,Vera,50000.00,MM0987B,FirstClass,En Horario
293,Russell,Vera,50000.00,BA2491A,EconomyClass,Aterrizado
417,Sibley,Vera,20000.00,TU6789B,EconomyClass,Aterrizado
665,Wheeler,Vera,25000.00,HY4567D,EconomyClass,Demorado
534,Bunnie,Vergara,33000.00,GU2345F,EconomyClass,En Vuelo
658,Dorrie,Vergara,42000.00,HY4567D,EconomyClass,Demorado
410,Fidelia,Vergara,12000.00,TU6789B,EconomyClass,Aterrizado
286,Jodi,Vergara,30000.00,BA2491A,EconomyClass,Aterrizado
782,Laughton,Vergara,15000.00,FR5678G,ExecutiveClass,En Horario
906,Lynn,Vergara,37000.00,BR3456J,ExecutiveClass,Demorado
162,Ofella,Vergara,50000.00,IB0800A,EconomyClass,Aterrizado
38,Roda,Vergara,25000.00,MM0987B,FirstClass,En Horario
74,Cristie,Vidal,25000.00,IB0800A,ExecutiveClass,Aterrizado
198,Eleonora,Vidal,42000.00,BA2491A,EconomyClass,Aterrizado
818,Hyatt,Vidal,20000.00,FR5678G,EconomyClass,En Horario
570,Retha,Vidal,15000.00,GU2345F,EconomyClass,En Vuelo
322,Richard,Vidal,42000.00,BA2491A,EconomyClass,Aterrizado
446,Rina,Vidal,20000.00,GU2345F,ExecutiveClass,En Vuelo
694,Terrie,Vidal,42000.00,HY4567D,EconomyClass,Demorado
942,Vernen,Vidal,18000.00,IB0800A,EconomyClass,Aterrizado
193,Zolly,Yanez,25000.00,MM0987B,ExecutiveClass,En Horario
813,Agnes,Yunes,42000.00,FR5678G,EconomyClass,En Horario
937,Randy,Yunes,15000.00,IB0800A,EconomyClass,Aterrizado
565,Rutherford,Yunes,15000.00,GU2345F,EconomyClass,En Vuelo
689,Terrence,Yunes,42000.00,HY4567D,EconomyClass,Demorado
69,Paulita,Yunez,50000.00,IB0800A,FirstClass,Aterrizado
441,Regine,Yunez,10000.00,GU2345F,FirstClass,En Vuelo
317,Web,Yunez,37000.00,BA2491A,EconomyClass,Aterrizado
324,Ad,Zuniga,33000.00,BA2491A,EconomyClass,Aterrizado
200,Alana,Zuniga,30000.00,BA2491A,EconomyClass,Aterrizado
572,Antonella,Zuniga,15000.00,GU2345F,EconomyClass,En Vuelo
696,Erhard,Zuniga,33000.00,HY4567D,EconomyClass,Demorado
944,Isabeau,Zuniga,37000.00,BA2491A,EconomyClass,Aterrizado
448,Lenora,Zuniga,18000.00,GU2345F,ExecutiveClass,En Vuelo
820,Mag,Zuniga,12000.00,FR5678G,EconomyClass,En Horario
76,Nananne,Zuniga,33000.00,IB0800A,ExecutiveClass,Aterrizado
